Metric,Value
Accuracy,0.5972657362574765
Precision,0.5997974653946818
Recall,0.5972657362574765
F1 Score,0.578672456261798
ROC-AUC,0.6255861678093271
