Metric,Value
Accuracy,0.6063799487325549
Precision,0.6048394838869017
Recall,0.6063799487325549
F1 Score,0.6046966848523887
ROC-AUC,0.6342281890137641
