Metric,Value
Accuracy,0.6491028197094845
Precision,0.6486306704195047
Recall,0.6491028197094845
F1 Score,0.6454051858849872
ROC-AUC,0.7129762063154159
