Metric,Value
Accuracy,0.632583309598405
Precision,0.6324960398118654
Recall,0.632583309598405
F1 Score,0.6325378286033664
ROC-AUC,0.6306350374103873
