Metric,Value
Accuracy,0.5434349188265452
Precision,0.5462435026121213
Recall,0.5434349188265452
F1 Score,0.44394177789079653
ROC-AUC,0.5524775902910393
