Metric,Value
Accuracy,0.7399601253204215
Precision,0.7403404195608422
Recall,0.7399601253204215
F1 Score,0.7385308601826415
ROC-AUC,0.8298415993592753
