Metric,Value
Accuracy,0.6169182569068642
Precision,0.616296997361718
Recall,0.6169182569068642
F1 Score,0.6098228456672592
ROC-AUC,Not Available
